,short,full
0,O00141|SGK1|1|98|354,O00141|SGK1|Homo sapiens|Prot_kinase_dom|1|IPR000719|98|354
1,O00238|BMPR1B|1|204|493,O00238|BMPR1B|Homo sapiens|Prot_kinase_dom|1|IPR000719|204|493
2,O00311|CDC7|1|58|568,O00311|CDC7|Homo sapiens|Prot_kinase_dom|1|IPR000719|58|568
3,O00444|PLK4|1|12|264,O00444|PLK4|Homo sapiens|Prot_kinase_dom|1|IPR000719|12|264
4,O00506|STK25|1|20|269,O00506|STK25|Homo sapiens|Prot_kinase_dom|1|IPR000719|20|269
5,O14578|CIT|1|97|359,O14578|CIT|Homo sapiens|Prot_kinase_dom|1|IPR000719|97|359
6,O14733|MAP2K7|1|120|379,O14733|MAP2K7|Homo sapiens|Prot_kinase_dom|1|IPR000719|120|379
7,O14757|CHEK1|1|9|264,O14757|CHEK1|Homo sapiens|Prot_kinase_dom|1|IPR000719|9|264
8,O14920|IKBKB|1|15|311,O14920|IKBKB|Homo sapiens|Prot_kinase_dom|1|IPR000719|15|311
9,O14936|CASK|1|12|275,O14936|CASK|Homo sapiens|Prot_kinase_dom|1|IPR000719|12|275
10,O14965|AURKA|1|133|382,O14965|AURKA|Homo sapiens|Prot_kinase_dom|1|IPR000719|133|382
11,O14976|GAK|1|40|316,O14976|GAK|Homo sapiens|Prot_kinase_dom|1|IPR000719|40|316
12,O15021|MAST4|1|570|842,O15021|MAST4|Homo sapiens|Prot_kinase_dom|1|IPR000719|570|842
13,O15075|DCLK1|1|390|646,O15075|DCLK1|Homo sapiens|Prot_kinase_dom|1|IPR000719|390|646
14,O15111|CHUK|1|15|301,O15111|CHUK|Homo sapiens|Prot_kinase_dom|1|IPR000719|15|301
15,O15146|MUSK|1|575|855,O15146|MUSK|Homo sapiens|Prot_kinase_dom|1|IPR000719|575|855
16,O15197|EPHB6|1|670|918,O15197|EPHB6|Homo sapiens|Prot_kinase_dom|1|IPR000719|670|918
17,O15264|MAPK13|1|25|307,O15264|MAPK13|Homo sapiens|Prot_kinase_dom|1|IPR000719|25|307
18,O15530|PDPK1|1|82|341,O15530|PDPK1|Homo sapiens|Prot_kinase_dom|1|IPR000719|82|341
19,O43187|IRAK2|1|210|502,O43187|IRAK2|Homo sapiens|Prot_kinase_dom|1|IPR000719|210|502
20,O43283|MAP3K13|1|168|414,O43283|MAP3K13|Homo sapiens|Prot_kinase_dom|1|IPR000719|168|414
21,O43293|DAPK3|1|13|274,O43293|DAPK3|Homo sapiens|Prot_kinase_dom|1|IPR000719|13|274
22,O43318|MAP3K7|1|36|290,O43318|MAP3K7|Homo sapiens|Prot_kinase_dom|1|IPR000719|36|290
23,O43353|RIPK2|1|18|293,O43353|RIPK2|Homo sapiens|Prot_kinase_dom|1|IPR000719|18|293
24,O43683|BUB1|1|787|1084,O43683|BUB1|Homo sapiens|Prot_kinase_dom|1|IPR000719|787|1084
25,O43781|DYRK3|1|209|521,O43781|DYRK3|Homo sapiens|Prot_kinase_dom|1|IPR000719|209|521
26,O43930|PRKY|1|49|276,O43930|PRKY|Homo sapiens|Prot_kinase_dom|1|IPR000719|49|276
27,O60229|KALRN|1|2684|2937,O60229|KALRN|Homo sapiens|Prot_kinase_dom|1|IPR000719|2684|2937
28,O60285|NUAK1|1|55|305,O60285|NUAK1|Homo sapiens|Prot_kinase_dom|1|IPR000719|55|305
29,O60307|MAST3|1|367|639,O60307|MAST3|Homo sapiens|Prot_kinase_dom|1|IPR000719|367|639
30,O60674|JAK2|1|545|808,O60674|JAK2|Homo sapiens|Prot_kinase_dom|1|IPR000719|545|808
31,O60674|JAK2|2|849|1125,O60674|JAK2|Homo sapiens|Prot_kinase_dom|2|IPR000719|849|1125
32,O75116|ROCK2|1|92|353,O75116|ROCK2|Homo sapiens|Prot_kinase_dom|1|IPR000719|92|353
33,O75385|ULK1|1|16|277,O75385|ULK1|Homo sapiens|Prot_kinase_dom|1|IPR000719|16|277
34,O75460|ERN1|1|571|831,O75460|ERN1|Homo sapiens|Prot_kinase_dom|1|IPR000719|571|831
35,O75582|RPS6KA5|1|49|317,O75582|RPS6KA5|Homo sapiens|Prot_kinase_dom|1|IPR000719|49|317
36,O75582|RPS6KA5|2|426|686,O75582|RPS6KA5|Homo sapiens|Prot_kinase_dom|2|IPR000719|426|686
37,O75676|RPS6KA4|1|33|300,O75676|RPS6KA4|Homo sapiens|Prot_kinase_dom|1|IPR000719|33|300
38,O75676|RPS6KA4|2|411|673,O75676|RPS6KA4|Homo sapiens|Prot_kinase_dom|2|IPR000719|411|673
39,O75716|STK16|1|20|296,O75716|STK16|Homo sapiens|Prot_kinase_dom|1|IPR000719|20|296
40,O75914|PAK3|1|283|533,O75914|PAK3|Homo sapiens|Prot_kinase_dom|1|IPR000719|283|533
41,O75962|TRIO|1|2796|3049,O75962|TRIO|Homo sapiens|Prot_kinase_dom|1|IPR000719|2796|3049
42,O76039|CDKL5|1|13|296,O76039|CDKL5|Homo sapiens|Prot_kinase_dom|1|IPR000719|13|296
43,O94768|STK17B|1|33|292,O94768|STK17B|Homo sapiens|Prot_kinase_dom|1|IPR000719|33|292
44,O94804|STK10|1|36|293,O94804|STK10|Homo sapiens|Prot_kinase_dom|1|IPR000719|36|293
45,O94806|PRKD3|1|576|831,O94806|PRKD3|Homo sapiens|Prot_kinase_dom|1|IPR000719|576|831
46,O94921|CDK14|1|135|418,O94921|CDK14|Homo sapiens|Prot_kinase_dom|1|IPR000719|135|418
47,O95382|MAP3K6|1|648|905,O95382|MAP3K6|Homo sapiens|Prot_kinase_dom|1|IPR000719|648|905
48,O95747|OXSR1|1|17|290,O95747|OXSR1|Homo sapiens|Prot_kinase_dom|1|IPR000719|17|290
49,O95819|MAP4K4|1|25|288,O95819|MAP4K4|Homo sapiens|Prot_kinase_dom|1|IPR000719|25|288
50,O95835|LATS1|1|705|1009,O95835|LATS1|Homo sapiens|Prot_kinase_dom|1|IPR000719|705|1009
51,O96013|PAK4|1|321|571,O96013|PAK4|Homo sapiens|Prot_kinase_dom|1|IPR000719|321|571
52,O96017|CHEK2|1|220|485,O96017|CHEK2|Homo sapiens|Prot_kinase_dom|1|IPR000719|220|485
53,P00519|ABL1|1|242|492,P00519|ABL1|Homo sapiens|Prot_kinase_dom|1|IPR000719|242|492
54,P00533|EGFR|1|712|978,P00533|EGFR|Homo sapiens|Prot_kinase_dom|1|IPR000719|712|978
55,P00540|MOS|1|60|340,P00540|MOS|Homo sapiens|Prot_kinase_dom|1|IPR000719|60|340
56,P04049|RAF1|1|349|608,P04049|RAF1|Homo sapiens|Prot_kinase_dom|1|IPR000719|349|608
57,P04626|ERBB2|1|720|986,P04626|ERBB2|Homo sapiens|Prot_kinase_dom|1|IPR000719|720|986
58,P04629|NTRK1|1|510|780,P04629|NTRK1|Homo sapiens|Prot_kinase_dom|1|IPR000719|510|780
59,P05129|PRKCG|1|351|613,P05129|PRKCG|Homo sapiens|Prot_kinase_dom|1|IPR000719|351|613
60,P05771|PRKCB|1|342|599,P05771|PRKCB|Homo sapiens|Prot_kinase_dom|1|IPR000719|342|599
61,P06213|INSR|1|1023|1297,P06213|INSR|Homo sapiens|Prot_kinase_dom|1|IPR000719|1023|1297
62,P06239|LCK|1|245|497,P06239|LCK|Homo sapiens|Prot_kinase_dom|1|IPR000719|245|497
63,P06241|FYN|1|271|523,P06241|FYN|Homo sapiens|Prot_kinase_dom|1|IPR000719|271|523
64,P06493|CDK1|1|4|286,P06493|CDK1|Homo sapiens|Prot_kinase_dom|1|IPR000719|4|286
65,P07332|FES|1|561|821,P07332|FES|Homo sapiens|Prot_kinase_dom|1|IPR000719|561|821
66,P07333|CSF1R|1|582|909,P07333|CSF1R|Homo sapiens|Prot_kinase_dom|1|IPR000719|582|909
67,P07947|YES1|1|277|529,P07947|YES1|Homo sapiens|Prot_kinase_dom|1|IPR000719|277|529
68,P07948|LYN|1|247|500,P07948|LYN|Homo sapiens|Prot_kinase_dom|1|IPR000719|247|500
69,P07949|RET|1|724|1015,P07949|RET|Homo sapiens|Prot_kinase_dom|1|IPR000719|724|1015
70,P08069|IGF1R|1|999|1273,P08069|IGF1R|Homo sapiens|Prot_kinase_dom|1|IPR000719|999|1273
71,P08581|MET|1|1078|1344,P08581|MET|Homo sapiens|Prot_kinase_dom|1|IPR000719|1078|1344
72,P08631|HCK|1|262|514,P08631|HCK|Homo sapiens|Prot_kinase_dom|1|IPR000719|262|514
73,P08922|ROS1|1|1945|2221,P08922|ROS1|Homo sapiens|Prot_kinase_dom|1|IPR000719|1945|2221
74,P09619|PDGFRB|1|600|961,P09619|PDGFRB|Homo sapiens|Prot_kinase_dom|1|IPR000719|600|961
75,P09769|FGR|1|263|515,P09769|FGR|Homo sapiens|Prot_kinase_dom|1|IPR000719|263|515
76,P0C1S8|WEE2|1|212|485,P0C1S8|WEE2|Homo sapiens|Prot_kinase_dom|1|IPR000719|212|485
77,P0C263|SBK2|1|62|329,P0C263|SBK2|Homo sapiens|Prot_kinase_dom|1|IPR000719|62|329
78,P0C264|SBK3|1|43|308,P0C264|SBK3|Homo sapiens|Prot_kinase_dom|1|IPR000719|43|308
79,P10398|ARAF|1|310|569,P10398|ARAF|Homo sapiens|Prot_kinase_dom|1|IPR000719|310|569
80,P10721|KIT|1|589|936,P10721|KIT|Homo sapiens|Prot_kinase_dom|1|IPR000719|589|936
81,P11309|PIM1|1|38|289,P11309|PIM1|Homo sapiens|Prot_kinase_dom|1|IPR000719|38|289
82,P11362|FGFR1|1|478|766,P11362|FGFR1|Homo sapiens|Prot_kinase_dom|1|IPR000719|478|766
83,P11801|PSKH1|1|98|354,P11801|PSKH1|Homo sapiens|Prot_kinase_dom|1|IPR000719|98|354
84,P11802|CDK4|1|6|294,P11802|CDK4|Homo sapiens|Prot_kinase_dom|1|IPR000719|6|294
85,P12931|SRC|1|270|522,P12931|SRC|Homo sapiens|Prot_kinase_dom|1|IPR000719|270|522
86,P14616|INSRR|1|979|1253,P14616|INSRR|Homo sapiens|Prot_kinase_dom|1|IPR000719|979|1253
87,P15056|BRAF|1|457|716,P15056|BRAF|Homo sapiens|Prot_kinase_dom|1|IPR000719|457|716
88,P15735|PHKG2|1|24|290,P15735|PHKG2|Homo sapiens|Prot_kinase_dom|1|IPR000719|24|290
89,P16066|NPR1|1|528|804,P16066|NPR1|Homo sapiens|Prot_kinase_dom|1|IPR000719|528|804
90,P16234|PDGFRA|1|593|953,P16234|PDGFRA|Homo sapiens|Prot_kinase_dom|1|IPR000719|593|953
91,P16591|FER|1|563|815,P16591|FER|Homo sapiens|Prot_kinase_dom|1|IPR000719|563|815
92,P17252|PRKCA|1|339|596,P17252|PRKCA|Homo sapiens|Prot_kinase_dom|1|IPR000719|339|596
93,P17612|PRKACA|1|44|297,P17612|PRKACA|Homo sapiens|Prot_kinase_dom|1|IPR000719|44|297
94,P17948|FLT1|1|827|1157,P17948|FLT1|Homo sapiens|Prot_kinase_dom|1|IPR000719|827|1157
95,P19525|EIF2AK2|1|267|539,P19525|EIF2AK2|Homo sapiens|Prot_kinase_dom|1|IPR000719|267|539
96,P19784|CSNK2A2|1|40|324,P19784|CSNK2A2|Homo sapiens|Prot_kinase_dom|1|IPR000719|40|324
97,P20594|NPR2|1|513|785,P20594|NPR2|Homo sapiens|Prot_kinase_dom|1|IPR000719|513|785
98,P20794|MAK|1|4|283,P20794|MAK|Homo sapiens|Prot_kinase_dom|1|IPR000719|4|283
99,P21127|CDK11B|1|438|722,P21127|CDK11B|Homo sapiens|Prot_kinase_dom|1|IPR000719|438|722
100,P21709|EPHA1|1|624|883,P21709|EPHA1|Homo sapiens|Prot_kinase_dom|1|IPR000719|624|883
101,P21802|FGFR2|1|481|769,P21802|FGFR2|Homo sapiens|Prot_kinase_dom|1|IPR000719|481|769
102,P21860|ERBB3|1|709|965,P21860|ERBB3|Homo sapiens|Prot_kinase_dom|1|IPR000719|709|965
103,P22455|FGFR4|1|467|754,P22455|FGFR4|Homo sapiens|Prot_kinase_dom|1|IPR000719|467|754
104,P22607|FGFR3|1|472|760,P22607|FGFR3|Homo sapiens|Prot_kinase_dom|1|IPR000719|472|760
105,P22612|PRKACG|1|44|297,P22612|PRKACG|Homo sapiens|Prot_kinase_dom|1|IPR000719|44|297
106,P22694|PRKACB|1|44|297,P22694|PRKACB|Homo sapiens|Prot_kinase_dom|1|IPR000719|44|297
107,P23443|RPS6KB1|1|91|351,P23443|RPS6KB1|Homo sapiens|Prot_kinase_dom|1|IPR000719|91|351
108,P23458|JAK1|1|583|854,P23458|JAK1|Homo sapiens|Prot_kinase_dom|1|IPR000719|583|854
109,P23458|JAK1|2|875|1152,P23458|JAK1|Homo sapiens|Prot_kinase_dom|2|IPR000719|875|1152
110,P24723|PRKCH|1|355|613,P24723|PRKCH|Homo sapiens|Prot_kinase_dom|1|IPR000719|355|613
111,P24941|CDK2|1|4|285,P24941|CDK2|Homo sapiens|Prot_kinase_dom|1|IPR000719|4|285
112,P25092|GUCY2C|1|489|748,P25092|GUCY2C|Homo sapiens|Prot_kinase_dom|1|IPR000719|489|748
113,P25098|GRK2|1|191|452,P25098|GRK2|Homo sapiens|Prot_kinase_dom|1|IPR000719|191|452
114,P27037|ACVR2A|1|192|484,P27037|ACVR2A|Homo sapiens|Prot_kinase_dom|1|IPR000719|192|484
115,P27361|MAPK3|1|42|329,P27361|MAPK3|Homo sapiens|Prot_kinase_dom|1|IPR000719|42|329
116,P27448|MARK3|1|56|306,P27448|MARK3|Homo sapiens|Prot_kinase_dom|1|IPR000719|56|306
117,P28482|MAPK1|1|25|312,P28482|MAPK1|Homo sapiens|Prot_kinase_dom|1|IPR000719|25|312
118,P29317|EPHA2|1|613|874,P29317|EPHA2|Homo sapiens|Prot_kinase_dom|1|IPR000719|613|874
119,P29320|EPHA3|1|621|881,P29320|EPHA3|Homo sapiens|Prot_kinase_dom|1|IPR000719|621|881
120,P29322|EPHA8|1|635|895,P29322|EPHA8|Homo sapiens|Prot_kinase_dom|1|IPR000719|635|895
121,P29323|EPHB2|1|621|883,P29323|EPHB2|Homo sapiens|Prot_kinase_dom|1|IPR000719|621|883
122,P29376|LTK|1|510|785,P29376|LTK|Homo sapiens|Prot_kinase_dom|1|IPR000719|510|785
123,P29597|TYK2|1|589|874,P29597|TYK2|Homo sapiens|Prot_kinase_dom|1|IPR000719|589|874
124,P29597|TYK2|2|897|1175,P29597|TYK2|Homo sapiens|Prot_kinase_dom|2|IPR000719|897|1175
125,P30291|WEE1|1|299|568,P30291|WEE1|Homo sapiens|Prot_kinase_dom|1|IPR000719|299|568
126,P30530|AXL|1|536|806,P30530|AXL|Homo sapiens|Prot_kinase_dom|1|IPR000719|536|806
127,P31152|MAPK4|1|20|311,P31152|MAPK4|Homo sapiens|Prot_kinase_dom|1|IPR000719|20|311
128,P31749|AKT1|1|150|407,P31749|AKT1|Homo sapiens|Prot_kinase_dom|1|IPR000719|150|407
129,P31751|AKT2|1|152|408,P31751|AKT2|Homo sapiens|Prot_kinase_dom|1|IPR000719|152|408
130,P32298|GRK4|1|187|448,P32298|GRK4|Homo sapiens|Prot_kinase_dom|1|IPR000719|187|448
131,P33981|TTK|1|525|790,P33981|TTK|Homo sapiens|Prot_kinase_dom|1|IPR000719|525|790
132,P34925|RYK|1|330|602,P34925|RYK|Homo sapiens|Prot_kinase_dom|1|IPR000719|330|602
133,P34947|GRK5|1|186|447,P34947|GRK5|Homo sapiens|Prot_kinase_dom|1|IPR000719|186|447
134,P35590|TIE1|1|839|1117,P35590|TIE1|Homo sapiens|Prot_kinase_dom|1|IPR000719|839|1117
135,P35626|GRK3|1|191|452,P35626|GRK3|Homo sapiens|Prot_kinase_dom|1|IPR000719|191|452
136,P35916|FLT4|1|845|1172,P35916|FLT4|Homo sapiens|Prot_kinase_dom|1|IPR000719|845|1172
137,P35968|KDR|1|834|1161,P35968|KDR|Homo sapiens|Prot_kinase_dom|1|IPR000719|834|1161
138,P36507|MAP2K2|1|72|368,P36507|MAP2K2|Homo sapiens|Prot_kinase_dom|1|IPR000719|72|368
139,P36888|FLT3|1|610|942,P36888|FLT3|Homo sapiens|Prot_kinase_dom|1|IPR000719|610|942
140,P36894|BMPR1A|1|234|524,P36894|BMPR1A|Homo sapiens|Prot_kinase_dom|1|IPR000719|234|524
141,P36896|ACVR1B|1|207|496,P36896|ACVR1B|Homo sapiens|Prot_kinase_dom|1|IPR000719|207|496
142,P36897|TGFBR1|1|205|494,P36897|TGFBR1|Homo sapiens|Prot_kinase_dom|1|IPR000719|205|494
143,P37023|ACVRL1|1|202|491,P37023|ACVRL1|Homo sapiens|Prot_kinase_dom|1|IPR000719|202|491
144,P37173|TGFBR2|1|244|543,P37173|TGFBR2|Homo sapiens|Prot_kinase_dom|1|IPR000719|244|543
145,P41240|CSK|1|195|448,P41240|CSK|Homo sapiens|Prot_kinase_dom|1|IPR000719|195|448
146,P41279|MAP3K8|1|138|387,P41279|MAP3K8|Homo sapiens|Prot_kinase_dom|1|IPR000719|138|387
147,P41743|PRKCI|1|254|521,P41743|PRKCI|Homo sapiens|Prot_kinase_dom|1|IPR000719|254|521
148,P42679|MATK|1|235|481,P42679|MATK|Homo sapiens|Prot_kinase_dom|1|IPR000719|235|481
149,P42680|TEC|1|370|622,P42680|TEC|Homo sapiens|Prot_kinase_dom|1|IPR000719|370|622
150,P42681|TXK|1|271|526,P42681|TXK|Homo sapiens|Prot_kinase_dom|1|IPR000719|271|526
151,P42684|ABL2|1|288|538,P42684|ABL2|Homo sapiens|Prot_kinase_dom|1|IPR000719|288|538
152,P42685|FRK|1|234|490,P42685|FRK|Homo sapiens|Prot_kinase_dom|1|IPR000719|234|490
153,P43250|GRK6|1|186|447,P43250|GRK6|Homo sapiens|Prot_kinase_dom|1|IPR000719|186|447
154,P43403|ZAP70|1|338|599,P43403|ZAP70|Homo sapiens|Prot_kinase_dom|1|IPR000719|338|599
155,P43405|SYK|1|371|630,P43405|SYK|Homo sapiens|Prot_kinase_dom|1|IPR000719|371|630
156,P45983|MAPK8|1|26|320,P45983|MAPK8|Homo sapiens|Prot_kinase_dom|1|IPR000719|26|320
157,P45984|MAPK9|1|26|320,P45984|MAPK9|Homo sapiens|Prot_kinase_dom|1|IPR000719|26|320
158,P45985|MAP2K4|1|102|366,P45985|MAP2K4|Homo sapiens|Prot_kinase_dom|1|IPR000719|102|366
159,P46734|MAP2K3|1|64|324,P46734|MAP2K3|Homo sapiens|Prot_kinase_dom|1|IPR000719|64|324
160,P48729|CSNK1A1|1|17|284,P48729|CSNK1A1|Homo sapiens|Prot_kinase_dom|1|IPR000719|17|284
161,P48730|CSNK1D|1|9|286,P48730|CSNK1D|Homo sapiens|Prot_kinase_dom|1|IPR000719|9|286
162,P49137|MAPKAPK2|1|64|324,P49137|MAPKAPK2|Homo sapiens|Prot_kinase_dom|1|IPR000719|64|324
163,P49336|CDK8|1|21|334,P49336|CDK8|Homo sapiens|Prot_kinase_dom|1|IPR000719|21|334
164,P49674|CSNK1E|1|9|286,P49674|CSNK1E|Homo sapiens|Prot_kinase_dom|1|IPR000719|9|286
165,P49759|CLK1|1|161|476,P49759|CLK1|Homo sapiens|Prot_kinase_dom|1|IPR000719|161|476
166,P49760|CLK2|1|163|478,P49760|CLK2|Homo sapiens|Prot_kinase_dom|1|IPR000719|163|478
167,P49761|CLK3|1|156|471,P49761|CLK3|Homo sapiens|Prot_kinase_dom|1|IPR000719|156|471
168,P49840|GSK3A|1|119|402,P49840|GSK3A|Homo sapiens|Prot_kinase_dom|1|IPR000719|119|402
169,P49841|GSK3B|1|56|339,P49841|GSK3B|Homo sapiens|Prot_kinase_dom|1|IPR000719|56|339
170,P50613|CDK7|1|12|294,P50613|CDK7|Homo sapiens|Prot_kinase_dom|1|IPR000719|12|294
171,P50750|CDK9|1|19|314,P50750|CDK9|Homo sapiens|Prot_kinase_dom|1|IPR000719|19|314
172,P51451|BLK|1|241|493,P51451|BLK|Homo sapiens|Prot_kinase_dom|1|IPR000719|241|493
173,P51617|IRAK1|1|212|524,P51617|IRAK1|Homo sapiens|Prot_kinase_dom|1|IPR000719|212|524
174,P51812|RPS6KA3|1|68|326,P51812|RPS6KA3|Homo sapiens|Prot_kinase_dom|1|IPR000719|68|326
175,P51812|RPS6KA3|2|422|678,P51812|RPS6KA3|Homo sapiens|Prot_kinase_dom|2|IPR000719|422|678
176,P51813|BMX|1|417|674,P51813|BMX|Homo sapiens|Prot_kinase_dom|1|IPR000719|417|674
177,P51817|PRKX|1|49|302,P51817|PRKX|Homo sapiens|Prot_kinase_dom|1|IPR000719|49|302
178,P51841|GUCY2F|1|532|811,P51841|GUCY2F|Homo sapiens|Prot_kinase_dom|1|IPR000719|532|811
179,P51955|NEK2|1|8|270,P51955|NEK2|Homo sapiens|Prot_kinase_dom|1|IPR000719|8|270
180,P51956|NEK3|1|4|256,P51956|NEK3|Homo sapiens|Prot_kinase_dom|1|IPR000719|4|256
181,P51957|NEK4|1|6|260,P51957|NEK4|Homo sapiens|Prot_kinase_dom|1|IPR000719|6|260
182,P52333|JAK3|1|521|780,P52333|JAK3|Homo sapiens|Prot_kinase_dom|1|IPR000719|521|780
183,P52333|JAK3|2|822|1110,P52333|JAK3|Homo sapiens|Prot_kinase_dom|2|IPR000719|822|1110
184,P52564|MAP2K6|1|53|313,P52564|MAP2K6|Homo sapiens|Prot_kinase_dom|1|IPR000719|53|313
185,P53350|PLK1|1|53|304,P53350|PLK1|Homo sapiens|Prot_kinase_dom|1|IPR000719|53|304
186,P53355|DAPK1|1|13|274,P53355|DAPK1|Homo sapiens|Prot_kinase_dom|1|IPR000719|13|274
187,P53667|LIMK1|1|339|603,P53667|LIMK1|Homo sapiens|Prot_kinase_dom|1|IPR000719|339|603
188,P53671|LIMK2|1|331|607,P53671|LIMK2|Homo sapiens|Prot_kinase_dom|1|IPR000719|331|607
189,P53778|MAPK12|1|27|310,P53778|MAPK12|Homo sapiens|Prot_kinase_dom|1|IPR000719|27|310
190,P53779|MAPK10|1|64|358,P53779|MAPK10|Homo sapiens|Prot_kinase_dom|1|IPR000719|64|358
191,P54646|PRKAA2|1|16|267,P54646|PRKAA2|Homo sapiens|Prot_kinase_dom|1|IPR000719|16|267
192,P54753|EPHB3|1|633|895,P54753|EPHB3|Homo sapiens|Prot_kinase_dom|1|IPR000719|633|895
193,P54756|EPHA5|1|675|935,P54756|EPHA5|Homo sapiens|Prot_kinase_dom|1|IPR000719|675|935
194,P54760|EPHB4|1|615|898,P54760|EPHB4|Homo sapiens|Prot_kinase_dom|1|IPR000719|615|898
195,P54762|EPHB1|1|619|881,P54762|EPHB1|Homo sapiens|Prot_kinase_dom|1|IPR000719|619|881
196,P54764|EPHA4|1|621|881,P54764|EPHA4|Homo sapiens|Prot_kinase_dom|1|IPR000719|621|881
197,P57058|HUNK|1|62|319,P57058|HUNK|Homo sapiens|Prot_kinase_dom|1|IPR000719|62|319
198,P57059|SIK1|1|27|277,P57059|SIK1|Homo sapiens|Prot_kinase_dom|1|IPR000719|27|277
199,P57078|RIPK4|1|22|289,P57078|RIPK4|Homo sapiens|Prot_kinase_dom|1|IPR000719|22|289
200,P68400|CSNK2A1|1|39|323,P68400|CSNK2A1|Homo sapiens|Prot_kinase_dom|1|IPR000719|39|323
201,P78362|SRPK2|1|81|685,P78362|SRPK2|Homo sapiens|Prot_kinase_dom|1|IPR000719|81|685
202,P78368|CSNK1G2|1|46|329,P78368|CSNK1G2|Homo sapiens|Prot_kinase_dom|1|IPR000719|46|329
203,P80192|MAP3K9|1|144|411,P80192|MAP3K9|Homo sapiens|Prot_kinase_dom|1|IPR000719|144|411
204,Q00526|CDK3|1|4|285,Q00526|CDK3|Homo sapiens|Prot_kinase_dom|1|IPR000719|4|285
205,Q00532|CDKL1|1|4|286,Q00532|CDKL1|Homo sapiens|Prot_kinase_dom|1|IPR000719|4|286
206,Q00534|CDK6|1|13|299,Q00534|CDK6|Homo sapiens|Prot_kinase_dom|1|IPR000719|13|299
207,Q00535|CDK5|1|4|285,Q00535|CDK5|Homo sapiens|Prot_kinase_dom|1|IPR000719|4|285
208,Q00536|CDK16|1|165|445,Q00536|CDK16|Homo sapiens|Prot_kinase_dom|1|IPR000719|165|445
209,Q00537|CDK17|1|192|472,Q00537|CDK17|Homo sapiens|Prot_kinase_dom|1|IPR000719|192|472
210,Q01973|ROR1|1|473|745,Q01973|ROR1|Homo sapiens|Prot_kinase_dom|1|IPR000719|473|745
211,Q01974|ROR2|1|473|745,Q01974|ROR2|Homo sapiens|Prot_kinase_dom|1|IPR000719|473|745
212,Q02156|PRKCE|1|408|667,Q02156|PRKCE|Homo sapiens|Prot_kinase_dom|1|IPR000719|408|667
213,Q02750|MAP2K1|1|68|360,Q02750|MAP2K1|Homo sapiens|Prot_kinase_dom|1|IPR000719|68|360
214,Q02763|TEK|1|824|1095,Q02763|TEK|Homo sapiens|Prot_kinase_dom|1|IPR000719|824|1095
215,Q02779|MAP3K10|1|98|365,Q02779|MAP3K10|Homo sapiens|Prot_kinase_dom|1|IPR000719|98|365
216,Q02846|GUCY2D|1|525|807,Q02846|GUCY2D|Homo sapiens|Prot_kinase_dom|1|IPR000719|525|807
217,Q04759|PRKCQ|1|380|633,Q04759|PRKCQ|Homo sapiens|Prot_kinase_dom|1|IPR000719|380|633
218,Q04771|ACVR1|1|208|501,Q04771|ACVR1|Homo sapiens|Prot_kinase_dom|1|IPR000719|208|501
219,Q04912|MST1R|1|1082|1344,Q04912|MST1R|Homo sapiens|Prot_kinase_dom|1|IPR000719|1082|1344
220,Q05397|PTK2|1|422|679,Q05397|PTK2|Homo sapiens|Prot_kinase_dom|1|IPR000719|422|679
221,Q05513|PRKCZ|1|252|517,Q05513|PRKCZ|Homo sapiens|Prot_kinase_dom|1|IPR000719|252|517
222,Q05655|PRKCD|1|349|602,Q05655|PRKCD|Homo sapiens|Prot_kinase_dom|1|IPR000719|349|602
223,Q05823|RNASEL|1|365|585,Q05823|RNASEL|Homo sapiens|Prot_kinase_dom|1|IPR000719|365|585
224,Q06187|BTK|1|402|654,Q06187|BTK|Homo sapiens|Prot_kinase_dom|1|IPR000719|402|654
225,Q06418|TYRO3|1|518|789,Q06418|TYRO3|Homo sapiens|Prot_kinase_dom|1|IPR000719|518|789
226,Q07002|CDK18|1|144|424,Q07002|CDK18|Homo sapiens|Prot_kinase_dom|1|IPR000719|144|424
227,Q07912|TNK2|1|126|384,Q07912|TNK2|Homo sapiens|Prot_kinase_dom|1|IPR000719|126|384
228,Q08345|DDR1|1|610|904,Q08345|DDR1|Homo sapiens|Prot_kinase_dom|1|IPR000719|610|904
229,Q08881|ITK|1|363|614,Q08881|ITK|Homo sapiens|Prot_kinase_dom|1|IPR000719|363|614
230,Q09013|DMPK|1|71|338,Q09013|DMPK|Homo sapiens|Prot_kinase_dom|1|IPR000719|71|338
231,Q12851|MAP4K2|1|16|272,Q12851|MAP4K2|Homo sapiens|Prot_kinase_dom|1|IPR000719|16|272
232,Q12852|MAP3K12|1|125|371,Q12852|MAP3K12|Homo sapiens|Prot_kinase_dom|1|IPR000719|125|371
233,Q12866|MERTK|1|587|857,Q12866|MERTK|Homo sapiens|Prot_kinase_dom|1|IPR000719|587|857
234,Q13043|STK4|1|30|280,Q13043|STK4|Homo sapiens|Prot_kinase_dom|1|IPR000719|30|280
235,Q13131|PRKAA1|1|27|278,Q13131|PRKAA1|Homo sapiens|Prot_kinase_dom|1|IPR000719|27|278
236,Q13153|PAK1|1|270|520,Q13153|PAK1|Homo sapiens|Prot_kinase_dom|1|IPR000719|270|520
237,Q13163|MAP2K5|1|166|418,Q13163|MAP2K5|Homo sapiens|Prot_kinase_dom|1|IPR000719|166|418
238,Q13164|MAPK7|1|55|346,Q13164|MAPK7|Homo sapiens|Prot_kinase_dom|1|IPR000719|55|346
239,Q13177|PAK2|1|249|499,Q13177|PAK2|Homo sapiens|Prot_kinase_dom|1|IPR000719|249|499
240,Q13188|STK3|1|27|277,Q13188|STK3|Homo sapiens|Prot_kinase_dom|1|IPR000719|27|277
241,Q13233|MAP3K1|1|1243|1507,Q13233|MAP3K1|Homo sapiens|Prot_kinase_dom|1|IPR000719|1243|1507
242,Q13237|PRKG2|1|453|710,Q13237|PRKG2|Homo sapiens|Prot_kinase_dom|1|IPR000719|453|710
243,Q13308|PTK7|1|796|1065,Q13308|PTK7|Homo sapiens|Prot_kinase_dom|1|IPR000719|796|1065
244,Q13418|ILK|1|193|445,Q13418|ILK|Homo sapiens|Prot_kinase_dom|1|IPR000719|193|445
245,Q13464|ROCK1|1|76|337,Q13464|ROCK1|Homo sapiens|Prot_kinase_dom|1|IPR000719|76|337
246,Q13470|TNK1|1|116|376,Q13470|TNK1|Homo sapiens|Prot_kinase_dom|1|IPR000719|116|376
247,Q13523|PRP4K|1|687|1002,Q13523|PRP4K|Homo sapiens|Prot_kinase_dom|1|IPR000719|687|1002
248,Q13546|RIPK1|1|17|288,Q13546|RIPK1|Homo sapiens|Prot_kinase_dom|1|IPR000719|17|288
249,Q13554|CAMK2B|1|14|271,Q13554|CAMK2B|Homo sapiens|Prot_kinase_dom|1|IPR000719|14|271
250,Q13555|CAMK2G|1|14|271,Q13555|CAMK2G|Homo sapiens|Prot_kinase_dom|1|IPR000719|14|271
251,Q13557|CAMK2D|1|14|271,Q13557|CAMK2D|Homo sapiens|Prot_kinase_dom|1|IPR000719|14|271
252,Q13627|DYRK1A|1|159|478,Q13627|DYRK1A|Homo sapiens|Prot_kinase_dom|1|IPR000719|159|478
253,Q13705|ACVR2B|1|190|479,Q13705|ACVR2B|Homo sapiens|Prot_kinase_dom|1|IPR000719|190|479
254,Q13873|BMPR2|1|203|503,Q13873|BMPR2|Homo sapiens|Prot_kinase_dom|1|IPR000719|203|503
255,Q13882|PTK6|1|191|444,Q13882|PTK6|Homo sapiens|Prot_kinase_dom|1|IPR000719|191|444
256,Q13976|PRKG1|1|360|618,Q13976|PRKG1|Homo sapiens|Prot_kinase_dom|1|IPR000719|360|618
257,Q14004|CDK13|1|705|997,Q14004|CDK13|Homo sapiens|Prot_kinase_dom|1|IPR000719|705|997
258,Q14012|CAMK1|1|20|275,Q14012|CAMK1|Homo sapiens|Prot_kinase_dom|1|IPR000719|20|275
259,Q14164|IKBKE|1|9|314,Q14164|IKBKE|Homo sapiens|Prot_kinase_dom|1|IPR000719|9|314
260,Q14289|PTK2B|1|425|682,Q14289|PTK2B|Homo sapiens|Prot_kinase_dom|1|IPR000719|425|682
261,Q14680|MELK|1|11|262,Q14680|MELK|Homo sapiens|Prot_kinase_dom|1|IPR000719|11|262
262,Q15131|CDK10|1|39|322,Q15131|CDK10|Homo sapiens|Prot_kinase_dom|1|IPR000719|39|322
263,Q15139|PRKD1|1|583|838,Q15139|PRKD1|Homo sapiens|Prot_kinase_dom|1|IPR000719|583|838
264,Q15208|STK38|1|89|381,Q15208|STK38|Homo sapiens|Prot_kinase_dom|1|IPR000719|89|381
265,Q15303|ERBB4|1|718|984,Q15303|ERBB4|Homo sapiens|Prot_kinase_dom|1|IPR000719|718|984
266,Q15349|RPS6KA2|1|59|317,Q15349|RPS6KA2|Homo sapiens|Prot_kinase_dom|1|IPR000719|59|317
267,Q15349|RPS6KA2|2|415|671,Q15349|RPS6KA2|Homo sapiens|Prot_kinase_dom|2|IPR000719|415|671
268,Q15375|EPHA7|1|633|893,Q15375|EPHA7|Homo sapiens|Prot_kinase_dom|1|IPR000719|633|893
269,Q15418|RPS6KA1|1|62|320,Q15418|RPS6KA1|Homo sapiens|Prot_kinase_dom|1|IPR000719|62|320
270,Q15418|RPS6KA1|2|418|674,Q15418|RPS6KA1|Homo sapiens|Prot_kinase_dom|2|IPR000719|418|674
271,Q15569|TESK1|1|57|313,Q15569|TESK1|Homo sapiens|Prot_kinase_dom|1|IPR000719|57|313
272,Q15746|MYLK|1|1464|1718,Q15746|MYLK|Homo sapiens|Prot_kinase_dom|1|IPR000719|1464|1718
273,Q15759|MAPK11|1|24|307,Q15759|MAPK11|Homo sapiens|Prot_kinase_dom|1|IPR000719|24|307
274,Q15772|SPEG|1|1601|1853,Q15772|SPEG|Homo sapiens|Prot_kinase_dom|1|IPR000719|1601|1853
275,Q15772|SPEG|2|2966|3217,Q15772|SPEG|Homo sapiens|Prot_kinase_dom|2|IPR000719|2966|3217
276,Q15831|STK11|1|49|308,Q15831|STK11|Homo sapiens|Prot_kinase_dom|1|IPR000719|49|308
277,Q15835|GRK1|1|190|454,Q15835|GRK1|Homo sapiens|Prot_kinase_dom|1|IPR000719|190|454
278,Q16288|NTRK3|1|538|827,Q16288|NTRK3|Homo sapiens|Prot_kinase_dom|1|IPR000719|538|827
279,Q16512|PKN1|1|615|873,Q16512|PKN1|Homo sapiens|Prot_kinase_dom|1|IPR000719|615|873
280,Q16513|PKN2|1|657|915,Q16513|PKN2|Homo sapiens|Prot_kinase_dom|1|IPR000719|657|915
281,Q16539|MAPK14|1|24|307,Q16539|MAPK14|Homo sapiens|Prot_kinase_dom|1|IPR000719|24|307
282,Q16566|CAMK4|1|46|299,Q16566|CAMK4|Homo sapiens|Prot_kinase_dom|1|IPR000719|46|299
283,Q16584|MAP3K11|1|117|378,Q16584|MAP3K11|Homo sapiens|Prot_kinase_dom|1|IPR000719|117|378
284,Q16620|NTRK2|1|538|806,Q16620|NTRK2|Homo sapiens|Prot_kinase_dom|1|IPR000719|538|806
285,Q16644|MAPKAPK3|1|43|303,Q16644|MAPKAPK3|Homo sapiens|Prot_kinase_dom|1|IPR000719|43|303
286,Q16659|MAPK6|1|20|315,Q16659|MAPK6|Homo sapiens|Prot_kinase_dom|1|IPR000719|20|315
287,Q16671|AMHR2|1|203|517,Q16671|AMHR2|Homo sapiens|Prot_kinase_dom|1|IPR000719|203|517
288,Q16816|PHKG1|1|20|287,Q16816|PHKG1|Homo sapiens|Prot_kinase_dom|1|IPR000719|20|287
289,Q16832|DDR2|1|563|848,Q16832|DDR2|Homo sapiens|Prot_kinase_dom|1|IPR000719|563|848
290,Q2M2I8|AAK1|1|46|314,Q2M2I8|AAK1|Homo sapiens|Prot_kinase_dom|1|IPR000719|46|314
291,Q32MK0|MYLK3|1|515|769,Q32MK0|MYLK3|Homo sapiens|Prot_kinase_dom|1|IPR000719|515|769
292,Q38SD2|LRRK1|1|1242|1524,Q38SD2|LRRK1|Homo sapiens|Prot_kinase_dom|1|IPR000719|1242|1524
293,Q496M5|PLK5|1|1|64,Q496M5|PLK5|Homo sapiens|Prot_kinase_dom|1|IPR000719|1|64
294,Q504Y2|PKDCC|1|138|492,Q504Y2|PKDCC|Homo sapiens|Prot_kinase_dom|1|IPR000719|138|492
295,Q52WX2|SBK1|1|53|317,Q52WX2|SBK1|Homo sapiens|Prot_kinase_dom|1|IPR000719|53|317
296,Q56UN5|MAP3K19|1|1061|1323,Q56UN5|MAP3K19|Homo sapiens|Prot_kinase_dom|1|IPR000719|1061|1323
297,Q58A45|PAN3|1|492|753,Q58A45|PAN3|Homo sapiens|Prot_kinase_dom|1|IPR000719|492|753
298,Q59H18|TNNI3K|1|463|722,Q59H18|TNNI3K|Homo sapiens|Prot_kinase_dom|1|IPR000719|463|722
299,Q5JZY3|EPHA10|1|645|899,Q5JZY3|EPHA10|Homo sapiens|Prot_kinase_dom|1|IPR000719|645|899
300,Q5MAI5|CDKL4|1|4|285,Q5MAI5|CDKL4|Homo sapiens|Prot_kinase_dom|1|IPR000719|4|285
301,Q5S007|LRRK2|1|1879|2137,Q5S007|LRRK2|Homo sapiens|Prot_kinase_dom|1|IPR000719|1879|2137
302,Q5TCX8|MAP3K21|1|124|400,Q5TCX8|MAP3K21|Homo sapiens|Prot_kinase_dom|1|IPR000719|124|400
303,Q5TCY1|TTBK1|1|34|307,Q5TCY1|TTBK1|Homo sapiens|Prot_kinase_dom|1|IPR000719|34|307
304,Q5VST9|OBSCN|1|6468|6720,Q5VST9|OBSCN|Homo sapiens|Prot_kinase_dom|1|IPR000719|6468|6720
305,Q5VST9|OBSCN|2|7672|7923,Q5VST9|OBSCN|Homo sapiens|Prot_kinase_dom|2|IPR000719|7672|7923
306,Q5VT25|CDC42BPA|1|77|342,Q5VT25|CDC42BPA|Homo sapiens|Prot_kinase_dom|1|IPR000719|77|342
307,Q6A1A2|PDPK2P|1|55|314,Q6A1A2|PDPK2P|Homo sapiens|Prot_kinase_dom|1|IPR000719|55|314
308,Q6DT37|CDC42BPG|1|71|336,Q6DT37|CDC42BPG|Homo sapiens|Prot_kinase_dom|1|IPR000719|71|336
309,Q6IQ55|TTBK2|1|21|283,Q6IQ55|TTBK2|Homo sapiens|Prot_kinase_dom|1|IPR000719|21|283
310,Q6J9G0|STYK1|1|114|383,Q6J9G0|STYK1|Homo sapiens|Prot_kinase_dom|1|IPR000719|114|383
311,Q6P0Q8|MAST2|1|512|784,Q6P0Q8|MAST2|Homo sapiens|Prot_kinase_dom|1|IPR000719|512|784
312,Q6P2M8|PNCK|1|15|269,Q6P2M8|PNCK|Homo sapiens|Prot_kinase_dom|1|IPR000719|15|269
313,Q6P3R8|NEK5|1|4|258,Q6P3R8|NEK5|Homo sapiens|Prot_kinase_dom|1|IPR000719|4|258
314,Q6P3W7|SCYL2|1|32|326,Q6P3W7|SCYL2|Homo sapiens|Prot_kinase_dom|1|IPR000719|32|326
315,Q6P5Z2|PKN3|1|559|817,Q6P5Z2|PKN3|Homo sapiens|Prot_kinase_dom|1|IPR000719|559|817
316,Q6PHR2|ULK3|1|14|269,Q6PHR2|ULK3|Homo sapiens|Prot_kinase_dom|1|IPR000719|14|269
317,Q6SA08|TSSK4|1|25|292,Q6SA08|TSSK4|Homo sapiens|Prot_kinase_dom|1|IPR000719|25|292
318,Q6VAB6|KSR2|1|666|930,Q6VAB6|KSR2|Homo sapiens|Prot_kinase_dom|1|IPR000719|666|930
319,Q6XUX3|DSTYK|1|652|905,Q6XUX3|DSTYK|Homo sapiens|Prot_kinase_dom|1|IPR000719|652|905
320,Q6ZMQ8|AATK|1|125|394,Q6ZMQ8|AATK|Homo sapiens|Prot_kinase_dom|1|IPR000719|125|394
321,Q6ZN16|MAP3K15|1|652|907,Q6ZN16|MAP3K15|Homo sapiens|Prot_kinase_dom|1|IPR000719|652|907
322,Q6ZWH5|NEK10|1|519|790,Q6ZWH5|NEK10|Homo sapiens|Prot_kinase_dom|1|IPR000719|519|790
323,Q76MJ5|ERN2|1|520|780,Q76MJ5|ERN2|Homo sapiens|Prot_kinase_dom|1|IPR000719|520|780
324,Q7KZI7|MARK2|1|53|303,Q7KZI7|MARK2|Homo sapiens|Prot_kinase_dom|1|IPR000719|53|303
325,Q7L7X3|TAOK1|1|28|280,Q7L7X3|TAOK1|Homo sapiens|Prot_kinase_dom|1|IPR000719|28|280
326,Q7RTN6|STRADA|1|69|378,Q7RTN6|STRADA|Homo sapiens|Prot_kinase_dom|1|IPR000719|69|378
327,Q7Z2Y5|NRK|1|25|312,Q7Z2Y5|NRK|Homo sapiens|Prot_kinase_dom|1|IPR000719|25|312
328,Q7Z7A4|PXK|1|88|480,Q7Z7A4|PXK|Homo sapiens|Prot_kinase_dom|1|IPR000719|88|480
329,Q86SG6|NEK8|1|4|257,Q86SG6|NEK8|Homo sapiens|Prot_kinase_dom|1|IPR000719|4|257
330,Q86UE8|TLK2|1|462|740,Q86UE8|TLK2|Homo sapiens|Prot_kinase_dom|1|IPR000719|462|740
331,Q86UX6|STK32C|1|93|352,Q86UX6|STK32C|Homo sapiens|Prot_kinase_dom|1|IPR000719|93|352
332,Q86V86|PIM3|1|40|292,Q86V86|PIM3|Homo sapiens|Prot_kinase_dom|1|IPR000719|40|292
333,Q86Y07|VRK2|1|29|318,Q86Y07|VRK2|Homo sapiens|Prot_kinase_dom|1|IPR000719|29|318
334,Q86YV5|PRAG1|1|978|1328,Q86YV5|PRAG1|Homo sapiens|Prot_kinase_dom|1|IPR000719|978|1328
335,Q86YV6|MYLK4|1|106|360,Q86YV6|MYLK4|Homo sapiens|Prot_kinase_dom|1|IPR000719|106|360
336,Q86Z02|HIPK1|1|190|517,Q86Z02|HIPK1|Homo sapiens|Prot_kinase_dom|1|IPR000719|190|517
337,Q8IU85|CAMK1D|1|23|278,Q8IU85|CAMK1D|Homo sapiens|Prot_kinase_dom|1|IPR000719|23|278
338,Q8IV63|VRK3|1|152|472,Q8IV63|VRK3|Homo sapiens|Prot_kinase_dom|1|IPR000719|152|472
339,Q8IVH8|MAP4K3|1|16|272,Q8IVH8|MAP4K3|Homo sapiens|Prot_kinase_dom|1|IPR000719|16|272
340,Q8IVT5|KSR1|1|613|882,Q8IVT5|KSR1|Homo sapiens|Prot_kinase_dom|1|IPR000719|613|882
341,Q8IVW4|CDKL3|1|4|285,Q8IVW4|CDKL3|Homo sapiens|Prot_kinase_dom|1|IPR000719|4|285
342,Q8IW41|MAPKAPK5|1|22|303,Q8IW41|MAPKAPK5|Homo sapiens|Prot_kinase_dom|1|IPR000719|22|303
343,Q8IWB6|TEX14|1|227|517,Q8IWB6|TEX14|Homo sapiens|Prot_kinase_dom|1|IPR000719|227|517
344,Q8IWQ3|BRSK2|1|19|269,Q8IWQ3|BRSK2|Homo sapiens|Prot_kinase_dom|1|IPR000719|19|269
345,Q8IWU2|LMTK2|1|137|406,Q8IWU2|LMTK2|Homo sapiens|Prot_kinase_dom|1|IPR000719|137|406
346,Q8IY84|NIM1K|1|74|324,Q8IY84|NIM1K|Homo sapiens|Prot_kinase_dom|1|IPR000719|74|324
347,Q8IYT8|ULK2|1|9|270,Q8IYT8|ULK2|Homo sapiens|Prot_kinase_dom|1|IPR000719|9|270
348,Q8IZE3|SCYL3|1|1|244,Q8IZE3|SCYL3|Homo sapiens|Prot_kinase_dom|1|IPR000719|1|244
349,Q8IZL9|CDK20|1|4|287,Q8IZL9|CDK20|Homo sapiens|Prot_kinase_dom|1|IPR000719|4|287
350,Q8N165|PDIK1L|1|8|333,Q8N165|PDIK1L|Homo sapiens|Prot_kinase_dom|1|IPR000719|8|333
351,Q8N2I9|STK40|1|35|331,Q8N2I9|STK40|Homo sapiens|Prot_kinase_dom|1|IPR000719|35|331
352,Q8N4C8|MINK1|1|25|288,Q8N4C8|MINK1|Homo sapiens|Prot_kinase_dom|1|IPR000719|25|288
353,Q8N568|DCLK2|1|394|650,Q8N568|DCLK2|Homo sapiens|Prot_kinase_dom|1|IPR000719|394|650
354,Q8N5S9|CAMKK1|1|128|408,Q8N5S9|CAMKK1|Homo sapiens|Prot_kinase_dom|1|IPR000719|128|408
355,Q8N752|CSNK1A1L|1|17|298,Q8N752|CSNK1A1L|Homo sapiens|Prot_kinase_dom|1|IPR000719|17|298
356,Q8NB16|MLKL|1|194|468,Q8NB16|MLKL|Homo sapiens|Prot_kinase_dom|1|IPR000719|194|468
357,Q8NCB2|CAMKV|1|24|285,Q8NCB2|CAMKV|Homo sapiens|Prot_kinase_dom|1|IPR000719|24|285
358,Q8NE28|STKLD1|1|28|296,Q8NE28|STKLD1|Homo sapiens|Prot_kinase_dom|1|IPR000719|28|296
359,Q8NE63|HIPK4|1|11|346,Q8NE63|HIPK4|Homo sapiens|Prot_kinase_dom|1|IPR000719|11|346
360,Q8NER5|ACVR1C|1|195|484,Q8NER5|ACVR1C|Homo sapiens|Prot_kinase_dom|1|IPR000719|195|484
361,Q8NEV1|CSNK2A3|1|39|323,Q8NEV1|CSNK2A3|Homo sapiens|Prot_kinase_dom|1|IPR000719|39|323
362,Q8NEV4|MYO3A|1|21|286,Q8NEV4|MYO3A|Homo sapiens|Prot_kinase_dom|1|IPR000719|21|286
363,Q8NFD2|ANKK1|1|22|288,Q8NFD2|ANKK1|Homo sapiens|Prot_kinase_dom|1|IPR000719|22|288
364,Q8NG66|NEK11|1|29|286,Q8NG66|NEK11|Homo sapiens|Prot_kinase_dom|1|IPR000719|29|286
365,Q8TAS1|UHMK1|1|23|303,Q8TAS1|UHMK1|Homo sapiens|Prot_kinase_dom|1|IPR000719|23|303
366,Q8TD08|MAPK15|1|13|303,Q8TD08|MAPK15|Homo sapiens|Prot_kinase_dom|1|IPR000719|13|303
367,Q8TD19|NEK9|1|52|307,Q8TD19|NEK9|Homo sapiens|Prot_kinase_dom|1|IPR000719|52|307
368,Q8TDC3|BRSK1|1|34|284,Q8TDC3|BRSK1|Homo sapiens|Prot_kinase_dom|1|IPR000719|34|284
369,Q8TDR2|STK35|1|202|530,Q8TDR2|STK35|Homo sapiens|Prot_kinase_dom|1|IPR000719|202|530
370,Q8TDX7|NEK7|1|34|298,Q8TDX7|NEK7|Homo sapiens|Prot_kinase_dom|1|IPR000719|34|298
371,Q8TEA7|TBCK|1|1|272,Q8TEA7|TBCK|Homo sapiens|Prot_kinase_dom|1|IPR000719|1|272
372,Q8TF76|HASPIN|1|484|797,Q8TF76|HASPIN|Homo sapiens|Prot_kinase_dom|1|IPR000719|484|797
373,Q8WTQ7|GRK7|1|191|453,Q8WTQ7|GRK7|Homo sapiens|Prot_kinase_dom|1|IPR000719|191|453
374,Q8WU08|STK32A|1|23|280,Q8WU08|STK32A|Homo sapiens|Prot_kinase_dom|1|IPR000719|23|280
375,Q8WXR4|MYO3B|1|27|292,Q8WXR4|MYO3B|Homo sapiens|Prot_kinase_dom|1|IPR000719|27|292
376,Q8WZ42|TTN|1|32178|32431,Q8WZ42|TTN|Homo sapiens|Prot_kinase_dom|1|IPR000719|32178|32431
377,Q92519|TRIB2|1|61|307,Q92519|TRIB2|Homo sapiens|Prot_kinase_dom|1|IPR000719|61|307
378,Q92630|DYRK2|1|222|534,Q92630|DYRK2|Homo sapiens|Prot_kinase_dom|1|IPR000719|222|534
379,Q92772|CDKL2|1|4|286,Q92772|CDKL2|Homo sapiens|Prot_kinase_dom|1|IPR000719|4|286
380,Q92918|MAP4K1|1|17|273,Q92918|MAP4K1|Homo sapiens|Prot_kinase_dom|1|IPR000719|17|273
381,Q96BR1|SGK3|1|162|418,Q96BR1|SGK3|Homo sapiens|Prot_kinase_dom|1|IPR000719|162|418
382,Q96C45|ULK4|1|4|279,Q96C45|ULK4|Homo sapiens|Prot_kinase_dom|1|IPR000719|4|279
383,Q96GD4|AURKB|1|77|326,Q96GD4|AURKB|Homo sapiens|Prot_kinase_dom|1|IPR000719|77|326
384,Q96GX5|MASTL|1|35|834,Q96GX5|MASTL|Homo sapiens|Prot_kinase_dom|1|IPR000719|35|834
385,Q96J92|WNK4|1|174|431,Q96J92|WNK4|Homo sapiens|Prot_kinase_dom|1|IPR000719|174|431
386,Q96KB5|PBK|1|32|321,Q96KB5|PBK|Homo sapiens|Prot_kinase_dom|1|IPR000719|32|321
387,Q96KG9|SCYL1|1|14|313,Q96KG9|SCYL1|Homo sapiens|Prot_kinase_dom|1|IPR000719|14|313
388,Q96L34|MARK4|1|59|309,Q96L34|MARK4|Homo sapiens|Prot_kinase_dom|1|IPR000719|59|309
389,Q96LW2|RSKR|1|107|358,Q96LW2|RSKR|Homo sapiens|Prot_kinase_dom|1|IPR000719|107|358
390,Q96NX5|CAMK1G|1|23|276,Q96NX5|CAMK1G|Homo sapiens|Prot_kinase_dom|1|IPR000719|23|276
391,Q96PF2|TSSK2|1|12|271,Q96PF2|TSSK2|Homo sapiens|Prot_kinase_dom|1|IPR000719|12|271
392,Q96PN8|TSSK3|1|10|264,Q96PN8|TSSK3|Homo sapiens|Prot_kinase_dom|1|IPR000719|10|264
393,Q96PY6|NEK1|1|4|257,Q96PY6|NEK1|Homo sapiens|Prot_kinase_dom|1|IPR000719|4|257
394,Q96Q04|LMTK3|1|133|410,Q96Q04|LMTK3|Homo sapiens|Prot_kinase_dom|1|IPR000719|133|410
395,Q96Q40|CDK15|1|103|386,Q96Q40|CDK15|Homo sapiens|Prot_kinase_dom|1|IPR000719|103|386
396,Q96QS6|PSKH2|1|63|319,Q96QS6|PSKH2|Homo sapiens|Prot_kinase_dom|1|IPR000719|63|319
397,Q96RG2|PASK|1|999|1250,Q96RG2|PASK|Homo sapiens|Prot_kinase_dom|1|IPR000719|999|1250
398,Q96RR4|CAMKK2|1|165|445,Q96RR4|CAMKK2|Homo sapiens|Prot_kinase_dom|1|IPR000719|165|445
399,Q96RU7|TRIB3|1|68|314,Q96RU7|TRIB3|Homo sapiens|Prot_kinase_dom|1|IPR000719|68|314
400,Q96RU8|TRIB1|1|1|337,Q96RU8|TRIB1|Homo sapiens|Prot_kinase_dom|1|IPR000719|1|337
401,Q96S38|RPS6KC1|1|794|1055,Q96S38|RPS6KC1|Homo sapiens|Prot_kinase_dom|1|IPR000719|794|1055
402,Q96S44|TP53RK|1|33|252,Q96S44|TP53RK|Homo sapiens|Prot_kinase_dom|1|IPR000719|33|252
403,Q96S53|TESK2|1|58|312,Q96S53|TESK2|Homo sapiens|Prot_kinase_dom|1|IPR000719|58|312
404,Q96SB4|SRPK1|1|80|652,Q96SB4|SRPK1|Homo sapiens|Prot_kinase_dom|1|IPR000719|80|652
405,Q99558|MAP3K14|1|400|654,Q99558|MAP3K14|Homo sapiens|Prot_kinase_dom|1|IPR000719|400|654
406,Q99570|PIK3R4|1|26|323,Q99570|PIK3R4|Homo sapiens|Prot_kinase_dom|1|IPR000719|26|323
407,Q99640|PKMYT1|1|110|358,Q99640|PKMYT1|Homo sapiens|Prot_kinase_dom|1|IPR000719|110|358
408,Q99683|MAP3K5|1|680|937,Q99683|MAP3K5|Homo sapiens|Prot_kinase_dom|1|IPR000719|680|937
409,Q99759|MAP3K3|1|362|621,Q99759|MAP3K3|Homo sapiens|Prot_kinase_dom|1|IPR000719|362|621
410,Q99986|VRK1|1|37|341,Q99986|VRK1|Homo sapiens|Prot_kinase_dom|1|IPR000719|37|341
411,Q9BQI3|EIF2AK1|1|167|582,Q9BQI3|EIF2AK1|Homo sapiens|Prot_kinase_dom|1|IPR000719|167|582
412,Q9BUB5|MKNK1|1|49|373,Q9BUB5|MKNK1|Homo sapiens|Prot_kinase_dom|1|IPR000719|49|373
413,Q9BWU1|CDK19|1|21|334,Q9BWU1|CDK19|Homo sapiens|Prot_kinase_dom|1|IPR000719|21|334
414,Q9BXA6|TSSK6|1|12|266,Q9BXA6|TSSK6|Homo sapiens|Prot_kinase_dom|1|IPR000719|12|266
415,Q9BXA7|TSSK1B|1|12|271,Q9BXA7|TSSK1B|Homo sapiens|Prot_kinase_dom|1|IPR000719|12|271
416,Q9BXM7|PINK1|1|156|510,Q9BXM7|PINK1|Homo sapiens|Prot_kinase_dom|1|IPR000719|156|510
417,Q9BXU1|STK31|1|710|1018,Q9BXU1|STK31|Homo sapiens|Prot_kinase_dom|1|IPR000719|710|1018
418,Q9BYP7|WNK3|1|147|404,Q9BYP7|WNK3|Homo sapiens|Prot_kinase_dom|1|IPR000719|147|404
419,Q9BYT3|STK33|1|116|380,Q9BYT3|STK33|Homo sapiens|Prot_kinase_dom|1|IPR000719|116|380
420,Q9BZL6|PRKD2|1|551|806,Q9BZL6|PRKD2|Homo sapiens|Prot_kinase_dom|1|IPR000719|551|806
421,Q9C098|DCLK3|1|356|612,Q9C098|DCLK3|Homo sapiens|Prot_kinase_dom|1|IPR000719|356|612
422,Q9C0K7|STRADB|1|58|368,Q9C0K7|STRADB|Homo sapiens|Prot_kinase_dom|1|IPR000719|58|368
423,Q9H093|NUAK2|1|53|302,Q9H093|NUAK2|Homo sapiens|Prot_kinase_dom|1|IPR000719|53|302
424,Q9H0K1|SIK2|1|20|270,Q9H0K1|SIK2|Homo sapiens|Prot_kinase_dom|1|IPR000719|20|270
425,Q9H1R3|MYLK2|1|285|539,Q9H1R3|MYLK2|Homo sapiens|Prot_kinase_dom|1|IPR000719|285|539
426,Q9H2G2|SLK|1|34|291,Q9H2G2|SLK|Homo sapiens|Prot_kinase_dom|1|IPR000719|34|291
427,Q9H2K8|TAOK3|1|24|276,Q9H2K8|TAOK3|Homo sapiens|Prot_kinase_dom|1|IPR000719|24|276
428,Q9H2X6|HIPK2|1|199|526,Q9H2X6|HIPK2|Homo sapiens|Prot_kinase_dom|1|IPR000719|199|526
429,Q9H3Y6|SRMS|1|230|487,Q9H3Y6|SRMS|Homo sapiens|Prot_kinase_dom|1|IPR000719|230|487
430,Q9H422|HIPK3|1|197|524,Q9H422|HIPK3|Homo sapiens|Prot_kinase_dom|1|IPR000719|197|524
431,Q9H4A3|WNK1|1|221|478,Q9H4A3|WNK1|Homo sapiens|Prot_kinase_dom|1|IPR000719|221|478
432,Q9H4B4|PLK3|1|62|313,Q9H4B4|PLK3|Homo sapiens|Prot_kinase_dom|1|IPR000719|62|313
433,Q9H5K3|POMK|1|81|349,Q9H5K3|POMK|Homo sapiens|Prot_kinase_dom|1|IPR000719|81|349
434,Q9H792|PEAK1|1|1313|1674,Q9H792|PEAK1|Homo sapiens|Prot_kinase_dom|1|IPR000719|1313|1674
435,Q9HAZ1|CLK4|1|159|474,Q9HAZ1|CLK4|Homo sapiens|Prot_kinase_dom|1|IPR000719|159|474
436,Q9HBH9|MKNK2|1|83|367,Q9HBH9|MKNK2|Homo sapiens|Prot_kinase_dom|1|IPR000719|83|367
437,Q9HBY8|SGK2|1|35|291,Q9HBY8|SGK2|Homo sapiens|Prot_kinase_dom|1|IPR000719|35|291
438,Q9HC98|NEK6|1|45|309,Q9HC98|NEK6|Homo sapiens|Prot_kinase_dom|1|IPR000719|45|309
439,Q9HCP0|CSNK1G1|1|44|328,Q9HCP0|CSNK1G1|Homo sapiens|Prot_kinase_dom|1|IPR000719|44|328
440,Q9NQU5|PAK6|1|407|657,Q9NQU5|PAK6|Homo sapiens|Prot_kinase_dom|1|IPR000719|407|657
441,Q9NR20|DYRK4|1|104|399,Q9NR20|DYRK4|Homo sapiens|Prot_kinase_dom|1|IPR000719|104|399
442,Q9NRH2|SNRK|1|16|268,Q9NRH2|SNRK|Homo sapiens|Prot_kinase_dom|1|IPR000719|16|268
443,Q9NRM7|LATS2|1|668|972,Q9NRM7|LATS2|Homo sapiens|Prot_kinase_dom|1|IPR000719|668|972
444,Q9NRP7|STK36|1|4|253,Q9NRP7|STK36|Homo sapiens|Prot_kinase_dom|1|IPR000719|4|253
445,Q9NSY0|NRBP2|1|38|305,Q9NSY0|NRBP2|Homo sapiens|Prot_kinase_dom|1|IPR000719|38|305
446,Q9NSY1|BMP2K|1|51|316,Q9NSY1|BMP2K|Homo sapiens|Prot_kinase_dom|1|IPR000719|51|316
447,Q9NWZ3|IRAK4|1|186|457,Q9NWZ3|IRAK4|Homo sapiens|Prot_kinase_dom|1|IPR000719|186|457
448,Q9NY57|STK32B|1|23|282,Q9NY57|STK32B|Homo sapiens|Prot_kinase_dom|1|IPR000719|23|282
449,Q9NYL2|MAP3K20|1|16|276,Q9NYL2|MAP3K20|Homo sapiens|Prot_kinase_dom|1|IPR000719|16|276
450,Q9NYV4|CDK12|1|727|1019,Q9NYV4|CDK12|Homo sapiens|Prot_kinase_dom|1|IPR000719|727|1019
451,Q9NYY3|PLK2|1|82|333,Q9NYY3|PLK2|Homo sapiens|Prot_kinase_dom|1|IPR000719|82|333
452,Q9NZJ5|EIF2AK3|1|593|1076,Q9NZJ5|EIF2AK3|Homo sapiens|Prot_kinase_dom|1|IPR000719|593|1076
453,Q9P0L2|MARK1|1|60|310,Q9P0L2|MARK1|Homo sapiens|Prot_kinase_dom|1|IPR000719|60|310
454,Q9P1W9|PIM2|1|32|285,Q9P1W9|PIM2|Homo sapiens|Prot_kinase_dom|1|IPR000719|32|285
455,Q9P286|PAK5|1|449|699,Q9P286|PAK5|Homo sapiens|Prot_kinase_dom|1|IPR000719|449|699
456,Q9P289|STK26|1|24|273,Q9P289|STK26|Homo sapiens|Prot_kinase_dom|1|IPR000719|24|273
457,Q9P2K8|EIF2AK4|1|286|538,Q9P2K8|EIF2AK4|Homo sapiens|Prot_kinase_dom|1|IPR000719|286|538
458,Q9P2K8|EIF2AK4|2|590|1000,Q9P2K8|EIF2AK4|Homo sapiens|Prot_kinase_dom|2|IPR000719|590|1000
459,Q9UBE8|NLK|1|138|426,Q9UBE8|NLK|Homo sapiens|Prot_kinase_dom|1|IPR000719|138|426
460,Q9UBS0|RPS6KB2|1|67|327,Q9UBS0|RPS6KB2|Homo sapiens|Prot_kinase_dom|1|IPR000719|67|327
461,Q9UEE5|STK17A|1|61|320,Q9UEE5|STK17A|Homo sapiens|Prot_kinase_dom|1|IPR000719|61|320
462,Q9UEW8|STK39|1|63|336,Q9UEW8|STK39|Homo sapiens|Prot_kinase_dom|1|IPR000719|63|336
463,Q9UF33|EPHA6|1|631|943,Q9UF33|EPHA6|Homo sapiens|Prot_kinase_dom|1|IPR000719|631|943
464,Q9UHD2|TBK1|1|9|309,Q9UHD2|TBK1|Homo sapiens|Prot_kinase_dom|1|IPR000719|9|309
465,Q9UHY1|NRBP1|1|68|326,Q9UHY1|NRBP1|Homo sapiens|Prot_kinase_dom|1|IPR000719|68|326
466,Q9UIK4|DAPK2|1|23|284,Q9UIK4|DAPK2|Homo sapiens|Prot_kinase_dom|1|IPR000719|23|284
467,Q9UK32|RPS6KA6|1|73|329,Q9UK32|RPS6KA6|Homo sapiens|Prot_kinase_dom|1|IPR000719|73|329
468,Q9UK32|RPS6KA6|2|426|682,Q9UK32|RPS6KA6|Homo sapiens|Prot_kinase_dom|2|IPR000719|426|682
469,Q9UKE5|TNIK|1|25|288,Q9UKE5|TNIK|Homo sapiens|Prot_kinase_dom|1|IPR000719|25|288
470,Q9UKI8|TLK1|1|456|733,Q9UKI8|TLK1|Homo sapiens|Prot_kinase_dom|1|IPR000719|456|733
471,Q9UL54|TAOK2|1|28|280,Q9UL54|TAOK2|Homo sapiens|Prot_kinase_dom|1|IPR000719|28|280
472,Q9UM73|ALK|1|1116|1391,Q9UM73|ALK|Homo sapiens|Prot_kinase_dom|1|IPR000719|1116|1391
473,Q9UPE1|SRPK3|1|79|564,Q9UPE1|SRPK3|Homo sapiens|Prot_kinase_dom|1|IPR000719|79|564
474,Q9UPZ9|CILK1|1|4|283,Q9UPZ9|CILK1|Homo sapiens|Prot_kinase_dom|1|IPR000719|4|283
475,Q9UQ07|MOK|1|4|284,Q9UQ07|MOK|Homo sapiens|Prot_kinase_dom|1|IPR000719|4|284
476,Q9UQ88|CDK11A|1|426|710,Q9UQ88|CDK11A|Homo sapiens|Prot_kinase_dom|1|IPR000719|426|710
477,Q9UQB9|AURKC|1|43|292,Q9UQB9|AURKC|Homo sapiens|Prot_kinase_dom|1|IPR000719|43|292
478,Q9UQM7|CAMK2A|1|13|270,Q9UQM7|CAMK2A|Homo sapiens|Prot_kinase_dom|1|IPR000719|13|270
479,Q9Y243|AKT3|1|148|404,Q9Y243|AKT3|Homo sapiens|Prot_kinase_dom|1|IPR000719|148|404
480,Q9Y2H1|STK38L|1|90|382,Q9Y2H1|STK38L|Homo sapiens|Prot_kinase_dom|1|IPR000719|90|382
481,Q9Y2H9|MAST1|1|374|646,Q9Y2H9|MAST1|Homo sapiens|Prot_kinase_dom|1|IPR000719|374|646
482,Q9Y2K2|SIK3|1|66|316,Q9Y2K2|SIK3|Homo sapiens|Prot_kinase_dom|1|IPR000719|66|316
483,Q9Y2U5|MAP3K2|1|356|615,Q9Y2U5|MAP3K2|Homo sapiens|Prot_kinase_dom|1|IPR000719|356|615
484,Q9Y3S1|WNK2|1|195|452,Q9Y3S1|WNK2|Homo sapiens|Prot_kinase_dom|1|IPR000719|195|452
485,Q9Y463|DYRK1B|1|111|430,Q9Y463|DYRK1B|Homo sapiens|Prot_kinase_dom|1|IPR000719|111|430
486,Q9Y4K4|MAP4K5|1|20|276,Q9Y4K4|MAP4K5|Homo sapiens|Prot_kinase_dom|1|IPR000719|20|276
487,Q9Y572|RIPK3|1|21|286,Q9Y572|RIPK3|Homo sapiens|Prot_kinase_dom|1|IPR000719|21|286
488,Q9Y5S2|CDC42BPB|1|76|341,Q9Y5S2|CDC42BPB|Homo sapiens|Prot_kinase_dom|1|IPR000719|76|341
489,Q9Y616|IRAK3|1|165|451,Q9Y616|IRAK3|Homo sapiens|Prot_kinase_dom|1|IPR000719|165|451
490,Q9Y6E0|STK24|1|36|285,Q9Y6E0|STK24|Homo sapiens|Prot_kinase_dom|1|IPR000719|36|285
491,Q9Y6M4|CSNK1G3|1|43|325,Q9Y6M4|CSNK1G3|Homo sapiens|Prot_kinase_dom|1|IPR000719|43|325
492,Q9Y6R4|MAP3K4|1|1343|1600,Q9Y6R4|MAP3K4|Homo sapiens|Prot_kinase_dom|1|IPR000719|1343|1600
493,Q9Y6S9|RPS6KL1|1|145|538,Q9Y6S9|RPS6KL1|Homo sapiens|Prot_kinase_dom|1|IPR000719|145|538
